{"v":"5.3.0","fr":30,"ip":150,"op":251,"w":1150,"h":1150,"nm":"present","ddd":0,"assets":[],"layers":[{"ddd":0,"ind":1,"ty":3,"nm":"Cpresent","sr":1,"ks":{"o":{"a":0,"k":0,"ix":11},"r":{"a":0,"k":0,"ix":10},"p":{"a":1,"k":[{"i":{"x":0,"y":1},"o":{"x":0.5,"y":0},"n":"0_1_0p5_0","t":190,"s":[576.539,1018.092,0],"e":[576.539,730.092,0],"to":[0,-48,0],"ti":[0,0,0]},{"i":{"x":0.833,"y":0.833},"o":{"x":1,"y":0},"n":"0p833_0p833_1_0","t":200,"s":[576.539,730.092,0],"e":[576.539,1018.092,0],"to":[0,0,0],"ti":[0,-48,0]},{"t":216}],"ix":2},"a":{"a":0,"k":[0.049,442.049,0],"ix":1},"s":{"a":0,"k":[100,100,100],"ix":6}},"ao":0,"ip":0,"op":899,"st":0,"bm":0},{"ddd":0,"ind":2,"ty":4,"nm":"presentcap","parent":5,"sr":1,"ks":{"o":{"a":0,"k":100,"ix":11},"r":{"a":1,"k":[{"i":{"x":[0.5],"y":[1]},"o":{"x":[0.5],"y":[0]},"n":["0p5_1_0p5_0"],"t":158,"s":[0],"e":[3]},{"i":{"x":[0.5],"y":[1]},"o":{"x":[0.5],"y":[0]},"n":["0p5_1_0p5_0"],"t":162,"s":[3],"e":[-3]},{"i":{"x":[0.5],"y":[1]},"o":{"x":[0.5],"y":[0]},"n":["0p5_1_0p5_0"],"t":166,"s":[-3],"e":[3]},{"i":{"x":[0.5],"y":[1]},"o":{"x":[0.5],"y":[0]},"n":["0p5_1_0p5_0"],"t":170,"s":[3],"e":[-3]},{"i":{"x":[0.5],"y":[1]},"o":{"x":[0.5],"y":[0]},"n":["0p5_1_0p5_0"],"t":174,"s":[-3],"e":[3]},{"i":{"x":[0.5],"y":[1]},"o":{"x":[0.5],"y":[0]},"n":["0p5_1_0p5_0"],"t":178,"s":[3],"e":[-3]},{"i":{"x":[0.5],"y":[1]},"o":{"x":[0.5],"y":[0]},"n":["0p5_1_0p5_0"],"t":182,"s":[-3],"e":[3]},{"i":{"x":[0.5],"y":[1]},"o":{"x":[0.5],"y":[0]},"n":["0p5_1_0p5_0"],"t":186,"s":[3],"e":[0]},{"t":190}],"ix":10},"p":{"a":1,"k":[{"i":{"x":0.5,"y":1},"o":{"x":0.5,"y":0},"n":"0p5_1_0p5_0","t":156,"s":[736.596,308.771,0],"e":[736.596,343.071,0],"to":[0,0,0],"ti":[0,0,0]},{"i":{"x":0,"y":1},"o":{"x":0,"y":0},"n":"0_1_0_0","t":189,"s":[736.596,343.071,0],"e":[736.596,131.771,0],"to":[0,0,0],"ti":[0,0,0]},{"i":{"x":0.833,"y":0.833},"o":{"x":1,"y":0},"n":"0p833_0p833_1_0","t":199,"s":[736.596,131.771,0],"e":[736.596,354.771,0],"to":[0,0,0],"ti":[0,0,0]},{"i":{"x":0.5,"y":1},"o":{"x":0.167,"y":0.167},"n":"0p5_1_0p167_0p167","t":215,"s":[736.596,354.771,0],"e":[736.596,308.771,0],"to":[0,0,0],"ti":[0,0,0]},{"t":222}],"ix":2},"a":{"a":0,"k":[736.596,304.271,0],"ix":1},"s":{"a":0,"k":[100,100,100],"ix":6}},"ao":0,"shapes":[{"ty":"gr","it":[{"ind":0,"ty":"sh","ix":1,"ks":{"a":0,"k":{"i":[[0,0],[0,0],[0,0],[0,0]],"o":[[0,0],[0,0],[0,0],[0,0]],"v":[[40.981,49.781],[-40.98,49.781],[-40.98,-49.781],[40.981,-49.781]],"c":true},"ix":2},"nm":"Path 1","mn":"ADBE Vector Shape - Group","hd":false},{"ty":"fl","c":{"a":0,"k":[0.638999968884,0.226999993418,0.294000004787,1],"ix":4},"o":{"a":0,"k":100,"ix":5},"r":1,"nm":"Fill 1","mn":"ADBE Vector Graphic - Fill","hd":false},{"ty":"tr","p":{"a":0,"k":[736.595,254.49],"ix":2},"a":{"a":0,"k":[0,0],"ix":1},"s":{"a":0,"k":[100,100],"ix":3},"r":{"a":0,"k":0,"ix":6},"o":{"a":0,"k":100,"ix":7},"sk":{"a":0,"k":0,"ix":4},"sa":{"a":0,"k":0,"ix":5},"nm":"Transform"}],"nm":"Group20","np":2,"cix":2,"ix":1,"mn":"ADBE Vector Group","hd":false},{"ty":"gr","it":[{"ind":0,"ty":"sh","ix":1,"ks":{"a":0,"k":{"i":[[6.04,0],[0,0],[0,6.041],[0,0],[-6.04,0],[0,0],[0,-6.041],[0,0]],"o":[[0,0],[-6.04,0],[0,0],[0,-6.041],[0,0],[6.04,0],[0,0],[0,6.041]],"v":[[146.659,49.781],[-146.659,49.781],[-157.596,38.845],[-157.596,-38.844],[-146.659,-49.781],[146.659,-49.781],[157.596,-38.844],[157.596,38.845]],"c":true},"ix":2},"nm":"Path 1","mn":"ADBE Vector Shape - Group","hd":false},{"ty":"fl","c":{"a":0,"k":[1,0.745000023935,0.33300000359,1],"ix":4},"o":{"a":0,"k":100,"ix":5},"r":1,"nm":"Fill 1","mn":"ADBE Vector Graphic - Fill","hd":false},{"ty":"tr","p":{"a":0,"k":[736.596,254.49],"ix":2},"a":{"a":0,"k":[0,0],"ix":1},"s":{"a":0,"k":[100,100],"ix":3},"r":{"a":0,"k":0,"ix":6},"o":{"a":0,"k":100,"ix":7},"sk":{"a":0,"k":0,"ix":4},"sa":{"a":0,"k":0,"ix":5},"nm":"Transform"}],"nm":"Group21","np":2,"cix":2,"ix":2,"mn":"ADBE Vector Group","hd":false}],"ip":0,"op":899,"st":0,"bm":0},{"ddd":0,"ind":3,"ty":4,"nm":"bantikL","parent":2,"sr":1,"ks":{"o":{"a":0,"k":100,"ix":11},"r":{"a":1,"k":[{"i":{"x":[0.5],"y":[1]},"o":{"x":[0.5],"y":[0]},"n":["0p5_1_0p5_0"],"t":159,"s":[0],"e":[5]},{"i":{"x":[0.5],"y":[1]},"o":{"x":[0.5],"y":[0]},"n":["0p5_1_0p5_0"],"t":163,"s":[5],"e":[-5]},{"i":{"x":[0.5],"y":[1]},"o":{"x":[0.5],"y":[0]},"n":["0p5_1_0p5_0"],"t":167,"s":[-5],"e":[5]},{"i":{"x":[0.5],"y":[1]},"o":{"x":[0.5],"y":[0]},"n":["0p5_1_0p5_0"],"t":171,"s":[5],"e":[-5]},{"i":{"x":[0.5],"y":[1]},"o":{"x":[0.5],"y":[0]},"n":["0p5_1_0p5_0"],"t":175,"s":[-5],"e":[5]},{"i":{"x":[0.5],"y":[1]},"o":{"x":[0.5],"y":[0]},"n":["0p5_1_0p5_0"],"t":179,"s":[5],"e":[-5]},{"i":{"x":[0.5],"y":[1]},"o":{"x":[0.5],"y":[0]},"n":["0p5_1_0p5_0"],"t":183,"s":[-5],"e":[5]},{"i":{"x":[0.5],"y":[1]},"o":{"x":[0.5],"y":[0]},"n":["0p5_1_0p5_0"],"t":187,"s":[5],"e":[0]},{"i":{"x":[0.5],"y":[1]},"o":{"x":[0.5],"y":[0]},"n":["0p5_1_0p5_0"],"t":191,"s":[0],"e":[-5]},{"i":{"x":[0.5],"y":[1]},"o":{"x":[0.5],"y":[0]},"n":["0p5_1_0p5_0"],"t":198,"s":[-5],"e":[15]},{"i":{"x":[0.5],"y":[1]},"o":{"x":[0.5],"y":[0]},"n":["0p5_1_0p5_0"],"t":213,"s":[15],"e":[-8]},{"i":{"x":[0.5],"y":[1]},"o":{"x":[0.5],"y":[0]},"n":["0p5_1_0p5_0"],"t":218,"s":[-8],"e":[3]},{"i":{"x":[0.5],"y":[1]},"o":{"x":[0.5],"y":[0]},"n":["0p5_1_0p5_0"],"t":223,"s":[3],"e":[-1]},{"i":{"x":[0.5],"y":[1]},"o":{"x":[0.5],"y":[0]},"n":["0p5_1_0p5_0"],"t":228,"s":[-1],"e":[0]},{"t":233}],"ix":10},"p":{"a":0,"k":[735.741,194.256,0],"ix":2},"a":{"a":0,"k":[735.741,194.256,0],"ix":1},"s":{"a":0,"k":[100,100,100],"ix":6}},"ao":0,"shapes":[{"ty":"gr","it":[{"ind":0,"ty":"sh","ix":1,"ks":{"a":0,"k":{"i":[[-0.369,22.093],[-5.992,8.736],[0,0],[-8.846,3.586],[-14.395,-16.584],[-2.64,-6.832],[0,0],[1.118,0.001],[0,0],[7.693,3.005]],"o":[[0.16,-9.545],[0,0],[5.992,-8.736],[20.944,-8.489],[4.802,5.532],[0,0],[0.403,1.043],[0,0],[-8.258,-0.002],[-20.134,-7.863]],"v":[[-61.679,1.968],[-52.671,-26.007],[-52.671,-26.009],[-29.816,-44.486],[26.828,-29.215],[37.973,-10.454],[61.646,50.809],[60.161,52.975],[-4.611,52.952],[-28.786,48.535]],"c":true},"ix":2},"nm":"Path 1","mn":"ADBE Vector Shape - Group","hd":false},{"ty":"st","c":{"a":0,"k":[0.808000033509,0.275,0.352999997606,1],"ix":3},"o":{"a":0,"k":100,"ix":4},"w":{"a":0,"k":29,"ix":5},"lc":1,"lj":1,"ml":10,"ml2":{"a":0,"k":10,"ix":8},"nm":"Stroke 1","mn":"ADBE Vector Graphic - Stroke","hd":false},{"ty":"tr","p":{"a":0,"k":[673.987,141.282],"ix":2},"a":{"a":0,"k":[0,0],"ix":1},"s":{"a":0,"k":[100,100],"ix":3},"r":{"a":0,"k":0,"ix":6},"o":{"a":0,"k":100,"ix":7},"sk":{"a":0,"k":0,"ix":4},"sa":{"a":0,"k":0,"ix":5},"nm":"Transform"}],"nm":"Group23","np":2,"cix":2,"ix":1,"mn":"ADBE Vector Group","hd":false}],"ip":0,"op":899,"st":0,"bm":0},{"ddd":0,"ind":4,"ty":4,"nm":"bantikR","parent":2,"sr":1,"ks":{"o":{"a":0,"k":100,"ix":11},"r":{"a":1,"k":[{"i":{"x":[0.5],"y":[1]},"o":{"x":[0.5],"y":[0]},"n":["0p5_1_0p5_0"],"t":161,"s":[0],"e":[5]},{"i":{"x":[0.5],"y":[1]},"o":{"x":[0.5],"y":[0]},"n":["0p5_1_0p5_0"],"t":165,"s":[5],"e":[-5]},{"i":{"x":[0.5],"y":[1]},"o":{"x":[0.5],"y":[0]},"n":["0p5_1_0p5_0"],"t":169,"s":[-5],"e":[5]},{"i":{"x":[0.5],"y":[1]},"o":{"x":[0.5],"y":[0]},"n":["0p5_1_0p5_0"],"t":173,"s":[5],"e":[-5]},{"i":{"x":[0.5],"y":[1]},"o":{"x":[0.5],"y":[0]},"n":["0p5_1_0p5_0"],"t":177,"s":[-5],"e":[5]},{"i":{"x":[0.5],"y":[1]},"o":{"x":[0.5],"y":[0]},"n":["0p5_1_0p5_0"],"t":181,"s":[5],"e":[-5]},{"i":{"x":[0.5],"y":[1]},"o":{"x":[0.5],"y":[0]},"n":["0p5_1_0p5_0"],"t":185,"s":[-5],"e":[5]},{"i":{"x":[0.5],"y":[1]},"o":{"x":[0.5],"y":[0]},"n":["0p5_1_0p5_0"],"t":189,"s":[5],"e":[0]},{"i":{"x":[0.5],"y":[1]},"o":{"x":[0.5],"y":[0]},"n":["0p5_1_0p5_0"],"t":193,"s":[0],"e":[5]},{"i":{"x":[0.5],"y":[1]},"o":{"x":[0.5],"y":[0]},"n":["0p5_1_0p5_0"],"t":200,"s":[5],"e":[-15]},{"i":{"x":[0.5],"y":[1]},"o":{"x":[0.5],"y":[0]},"n":["0p5_1_0p5_0"],"t":215,"s":[-15],"e":[8]},{"i":{"x":[0.5],"y":[1]},"o":{"x":[0.5],"y":[0]},"n":["0p5_1_0p5_0"],"t":220,"s":[8],"e":[-3]},{"i":{"x":[0.5],"y":[1]},"o":{"x":[0.5],"y":[0]},"n":["0p5_1_0p5_0"],"t":225,"s":[-3],"e":[1]},{"i":{"x":[0.5],"y":[1]},"o":{"x":[0.5],"y":[0]},"n":["0p5_1_0p5_0"],"t":230,"s":[1],"e":[0]},{"t":235}],"ix":10},"p":{"a":0,"k":[737.942,194.256,0],"ix":2},"a":{"a":0,"k":[737.942,194.256,0],"ix":1},"s":{"a":0,"k":[100,100,100],"ix":6}},"ao":0,"shapes":[{"ty":"gr","it":[{"ind":0,"ty":"sh","ix":1,"ks":{"a":0,"k":{"i":[[0.369,22.093],[5.992,8.736],[0,0],[8.846,3.586],[14.395,-16.584],[2.64,-6.832],[0,0],[-1.118,0.001],[0,0],[-7.693,3.005]],"o":[[-0.16,-9.545],[0,0],[-5.992,-8.736],[-20.944,-8.489],[-4.802,5.532],[0,0],[-0.403,1.043],[0,0],[8.258,-0.002],[20.133,-7.863]],"v":[[61.68,1.968],[52.672,-26.007],[52.672,-26.009],[29.817,-44.486],[-26.827,-29.215],[-37.972,-10.454],[-61.645,50.809],[-60.16,52.975],[4.612,52.952],[28.787,48.535]],"c":true},"ix":2},"nm":"Path 1","mn":"ADBE Vector Shape - Group","hd":false},{"ty":"st","c":{"a":0,"k":[0.808000033509,0.275,0.352999997606,1],"ix":3},"o":{"a":0,"k":100,"ix":4},"w":{"a":0,"k":29,"ix":5},"lc":1,"lj":1,"ml":10,"ml2":{"a":0,"k":10,"ix":8},"nm":"Stroke 1","mn":"ADBE Vector Graphic - Stroke","hd":false},{"ty":"tr","p":{"a":0,"k":[799.695,141.282],"ix":2},"a":{"a":0,"k":[0,0],"ix":1},"s":{"a":0,"k":[100,100],"ix":3},"r":{"a":0,"k":0,"ix":6},"o":{"a":0,"k":100,"ix":7},"sk":{"a":0,"k":0,"ix":4},"sa":{"a":0,"k":0,"ix":5},"nm":"Transform"}],"nm":"Group24","np":2,"cix":2,"ix":1,"mn":"ADBE Vector Group","hd":false}],"ip":0,"op":899,"st":0,"bm":0},{"ddd":0,"ind":5,"ty":4,"nm":"presentbox","parent":1,"sr":1,"ks":{"o":{"a":0,"k":100,"ix":11},"r":{"a":0,"k":0,"ix":10},"p":{"a":0,"k":[0.049,441.049,0],"ix":2},"a":{"a":0,"k":[737.539,467.092,0],"ix":1},"s":{"a":0,"k":[100,100,100],"ix":6}},"ao":0,"shapes":[{"ty":"gr","it":[{"ind":0,"ty":"sh","ix":1,"ks":{"a":1,"k":[{"i":{"x":0.5,"y":1},"o":{"x":0.5,"y":0},"n":"0p5_1_0p5_0","t":190,"s":[{"i":[[0,0],[0,0],[0,0],[0,0]],"o":[[0,0],[0,0],[0,0],[0,0]],"v":[[37.13,81.41],[-37.13,81.41],[-39,-91.91],[35.26,-91.91]],"c":true}],"e":[{"i":[[0,0],[0,0],[0,0],[0,0]],"o":[[0,0],[0,0],[0,0],[0,0]],"v":[[37.13,81.41],[-37.13,81.41],[-39,-107.91],[35.26,-107.91]],"c":true}]},{"i":{"x":0.5,"y":1},"o":{"x":0.167,"y":0},"n":"0p5_1_0p167_0","t":200,"s":[{"i":[[0,0],[0,0],[0,0],[0,0]],"o":[[0,0],[0,0],[0,0],[0,0]],"v":[[37.13,81.41],[-37.13,81.41],[-39,-107.91],[35.26,-107.91]],"c":true}],"e":[{"i":[[0,0],[0,0],[0,0],[0,0]],"o":[[0,0],[0,0],[0,0],[0,0]],"v":[[37.13,81.41],[-37.13,81.41],[-39,-107.91],[35.26,-107.91]],"c":true}]},{"i":{"x":0.5,"y":1},"o":{"x":0.167,"y":0},"n":"0p5_1_0p167_0","t":220,"s":[{"i":[[0,0],[0,0],[0,0],[0,0]],"o":[[0,0],[0,0],[0,0],[0,0]],"v":[[37.13,81.41],[-37.13,81.41],[-39,-107.91],[35.26,-107.91]],"c":true}],"e":[{"i":[[0,0],[0,0],[0,0],[0,0]],"o":[[0,0],[0,0],[0,0],[0,0]],"v":[[37.13,81.41],[-37.13,81.41],[-39,-91.91],[35.26,-91.91]],"c":true}]},{"t":227}],"ix":2},"nm":"Path 1","mn":"ADBE Vector Shape - Group","hd":false},{"ty":"fl","c":{"a":0,"k":[0.74900004069,0.231000010173,0.325,1],"ix":4},"o":{"a":0,"k":100,"ix":5},"r":1,"nm":"Fill 1","mn":"ADBE Vector Graphic - Fill","hd":false},{"ty":"tr","p":{"a":0,"k":[736.596,385.681],"ix":2},"a":{"a":0,"k":[0,0],"ix":1},"s":{"a":0,"k":[100,100],"ix":3},"r":{"a":0,"k":0,"ix":6},"o":{"a":0,"k":100,"ix":7},"sk":{"a":0,"k":0,"ix":4},"sa":{"a":0,"k":0,"ix":5},"nm":"Transform"}],"nm":"Group19","np":2,"cix":2,"ix":1,"mn":"ADBE Vector Group","hd":false},{"ty":"gr","it":[{"ind":0,"ty":"sh","ix":1,"ks":{"a":1,"k":[{"i":{"x":0.5,"y":1},"o":{"x":0.167,"y":0.167},"n":"0p5_1_0p167_0p167","t":0,"s":[{"i":[[6.04,0],[0,0],[0,6.041],[0,0],[-6.041,0],[0,0],[0,-6.041],[0,0]],"o":[[0,0],[-6.041,0],[0,0],[0,-6.041],[0,0],[6.04,0],[0,0],[0,6.041]],"v":[[127.407,126.791],[-127.406,126.791],[-138.343,115.855],[-136.458,-35.625],[-125.521,-46.562],[129.292,-46.562],[140.229,-35.625],[138.344,115.855]],"c":true}],"e":[{"i":[[6.04,0],[0,0],[0,6.041],[0,0],[-6.041,0],[0,0],[0,-6.041],[0,0]],"o":[[0,0],[-6.041,0],[0,0],[0,-6.041],[0,0],[6.04,0],[0,0],[0,6.041]],"v":[[127.407,126.791],[-127.406,126.791],[-138.343,115.855],[-138.458,-35.625],[-127.521,-46.562],[127.292,-46.562],[138.229,-35.625],[138.343,115.855]],"c":true}]},{"i":{"x":0.5,"y":1},"o":{"x":0.5,"y":0},"n":"0p5_1_0p5_0","t":190,"s":[{"i":[[6.04,0],[0,0],[0,6.041],[0,0],[-6.041,0],[0,0],[0,-6.041],[0,0]],"o":[[0,0],[-6.041,0],[0,0],[0,-6.041],[0,0],[6.04,0],[0,0],[0,6.041]],"v":[[127.407,126.791],[-127.406,126.791],[-138.343,115.855],[-138.458,-35.625],[-127.521,-46.562],[127.292,-46.562],[138.229,-35.625],[138.343,115.855]],"c":true}],"e":[{"i":[[6.04,0],[0,0],[0,6.041],[0,0],[-6.041,0],[0,0],[0,-6.041],[0,0]],"o":[[0,0],[-6.041,0],[0,0],[0,-6.041],[0,0],[6.04,0],[0,0],[0,6.041]],"v":[[127.407,126.791],[-127.406,126.791],[-138.343,115.855],[-138.458,-51.625],[-127.521,-62.562],[127.292,-62.562],[138.229,-51.625],[138.344,115.855]],"c":true}]},{"i":{"x":0.5,"y":1},"o":{"x":0.167,"y":0},"n":"0p5_1_0p167_0","t":200,"s":[{"i":[[6.04,0],[0,0],[0,6.041],[0,0],[-6.041,0],[0,0],[0,-6.041],[0,0]],"o":[[0,0],[-6.041,0],[0,0],[0,-6.041],[0,0],[6.04,0],[0,0],[0,6.041]],"v":[[127.407,126.791],[-127.406,126.791],[-138.343,115.855],[-138.458,-51.625],[-127.521,-62.562],[127.292,-62.562],[138.229,-51.625],[138.344,115.855]],"c":true}],"e":[{"i":[[6.04,0],[0,0],[0,6.041],[0,0],[-6.041,0],[0,0],[0,-6.041],[0,0]],"o":[[0,0],[-6.041,0],[0,0],[0,-6.041],[0,0],[6.04,0],[0,0],[0,6.041]],"v":[[127.407,126.791],[-127.406,126.791],[-138.343,115.855],[-138.458,-51.625],[-127.521,-62.562],[127.292,-62.562],[138.229,-51.625],[138.344,115.855]],"c":true}]},{"i":{"x":0.5,"y":1},"o":{"x":0.167,"y":0},"n":"0p5_1_0p167_0","t":220,"s":[{"i":[[6.04,0],[0,0],[0,6.041],[0,0],[-6.041,0],[0,0],[0,-6.041],[0,0]],"o":[[0,0],[-6.041,0],[0,0],[0,-6.041],[0,0],[6.04,0],[0,0],[0,6.041]],"v":[[127.407,126.791],[-127.406,126.791],[-138.343,115.855],[-138.458,-51.625],[-127.521,-62.562],[127.292,-62.562],[138.229,-51.625],[138.344,115.855]],"c":true}],"e":[{"i":[[6.04,0],[0,0],[0,6.041],[0,0],[-6.041,0],[0,0],[0,-6.041],[0,0]],"o":[[0,0],[-6.041,0],[0,0],[0,-6.041],[0,0],[6.04,0],[0,0],[0,6.041]],"v":[[127.407,126.791],[-127.406,126.791],[-138.343,115.855],[-138.458,-35.625],[-127.521,-46.562],[127.292,-46.562],[138.229,-35.625],[138.344,115.855]],"c":true}]},{"t":227}],"ix":2},"nm":"Path 1","mn":"ADBE Vector Shape - Group","hd":false},{"ty":"fl","c":{"a":0,"k":[1,0.816000007181,0.490000017952,1],"ix":4},"o":{"a":0,"k":100,"ix":5},"r":1,"nm":"Fill 1","mn":"ADBE Vector Graphic - Fill","hd":false},{"ty":"tr","p":{"a":0,"k":[736.596,340.301],"ix":2},"a":{"a":0,"k":[0,0],"ix":1},"s":{"a":0,"k":[100,100],"ix":3},"r":{"a":0,"k":0,"ix":6},"o":{"a":0,"k":100,"ix":7},"sk":{"a":0,"k":0,"ix":4},"sa":{"a":0,"k":0,"ix":5},"nm":"Transform"}],"nm":"Group22","np":2,"cix":2,"ix":2,"mn":"ADBE Vector Group","hd":false}],"ip":0,"op":899,"st":0,"bm":0},{"ddd":0,"ind":6,"ty":4,"nm":"spark11","parent":1,"sr":1,"ks":{"o":{"a":0,"k":100,"ix":11},"r":{"a":0,"k":45,"ix":10},"p":{"a":1,"k":[{"i":{"x":0,"y":1},"o":{"x":0,"y":0},"n":"0_1_0_0","t":186,"s":[-99.486,365.46,0],"e":[-160.486,208.46,0],"to":[-5.16666650772095,-74.1666641235352,0],"ti":[43.8819313049316,25.6729106903076,0]},{"i":{"x":1,"y":1},"o":{"x":1,"y":0},"n":"1_1_1_0","t":201,"s":[-160.486,208.46,0],"e":[-99.486,365.46,0],"to":[-6.55376052856445,-3.8342456817627,0],"ti":[-5.04912757873535,-137.995544433594,0]},{"t":214}],"ix":2},"a":{"a":0,"k":[-94.996,-106.996,0],"ix":1},"s":{"a":1,"k":[{"i":{"x":[1,1,0.5],"y":[1,1,1]},"o":{"x":[1,1,0.5],"y":[0,0,0]},"n":["1_1_1_0","1_1_1_0","0p5_1_0p5_0"],"t":197,"s":[36.377,36.377,100],"e":[0,0,100]},{"t":214}],"ix":6}},"ao":0,"shapes":[{"ty":"gr","it":[{"ty":"rc","d":1,"s":{"a":0,"k":[30.008,30.008],"ix":2},"p":{"a":0,"k":[0,0],"ix":3},"r":{"a":0,"k":0,"ix":4},"nm":"Rectangle Path 1","mn":"ADBE Vector Shape - Rect","hd":false},{"ty":"st","c":{"a":0,"k":[1,1,1,1],"ix":3},"o":{"a":0,"k":100,"ix":4},"w":{"a":0,"k":0,"ix":5},"lc":1,"lj":1,"ml":4,"ml2":{"a":0,"k":4,"ix":8},"nm":"Stroke 1","mn":"ADBE Vector Graphic - Stroke","hd":false},{"ty":"fl","c":{"a":0,"k":[1,0.815686334348,0.490196108351,1],"ix":4},"o":{"a":0,"k":100,"ix":5},"r":1,"nm":"Fill 1","mn":"ADBE Vector Graphic - Fill","hd":false},{"ty":"tr","p":{"a":0,"k":[-94.996,-106.996],"ix":2},"a":{"a":0,"k":[0,0],"ix":1},"s":{"a":0,"k":[100,100],"ix":3},"r":{"a":0,"k":0,"ix":6},"o":{"a":0,"k":100,"ix":7},"sk":{"a":0,"k":0,"ix":4},"sa":{"a":0,"k":0,"ix":5},"nm":"Transform"}],"nm":"Rectangle 1","np":3,"cix":2,"ix":1,"mn":"ADBE Vector Group","hd":false}],"ip":0,"op":899,"st":0,"bm":0},{"ddd":0,"ind":7,"ty":4,"nm":"spark10","parent":1,"sr":1,"ks":{"o":{"a":0,"k":100,"ix":11},"r":{"a":0,"k":45,"ix":10},"p":{"a":1,"k":[{"i":{"x":0,"y":1},"o":{"x":0,"y":0},"n":"0_1_0_0","t":186,"s":[-25.486,352.46,0],"e":[-86.486,135.46,0],"to":[2.5,-124.5,0],"ti":[19.6917133331299,21.696460723877,0]},{"i":{"x":1,"y":1},"o":{"x":1,"y":0},"n":"1_1_1_0","t":201,"s":[-86.486,135.46,0],"e":[-25.486,352.46,0],"to":[-5.21526956558228,-5.74621915817261,0],"ti":[0.26166790723801,-164.231063842773,0]},{"t":214}],"ix":2},"a":{"a":0,"k":[-94.996,-106.996,0],"ix":1},"s":{"a":1,"k":[{"i":{"x":[1,1,0.5],"y":[1,1,1]},"o":{"x":[1,1,0.5],"y":[0,0,0]},"n":["1_1_1_0","1_1_1_0","0p5_1_0p5_0"],"t":197,"s":[36.377,36.377,100],"e":[0,0,100]},{"t":214}],"ix":6}},"ao":0,"shapes":[{"ty":"gr","it":[{"ty":"rc","d":1,"s":{"a":0,"k":[30.008,30.008],"ix":2},"p":{"a":0,"k":[0,0],"ix":3},"r":{"a":0,"k":0,"ix":4},"nm":"Rectangle Path 1","mn":"ADBE Vector Shape - Rect","hd":false},{"ty":"st","c":{"a":0,"k":[1,1,1,1],"ix":3},"o":{"a":0,"k":100,"ix":4},"w":{"a":0,"k":0,"ix":5},"lc":1,"lj":1,"ml":4,"ml2":{"a":0,"k":4,"ix":8},"nm":"Stroke 1","mn":"ADBE Vector Graphic - Stroke","hd":false},{"ty":"fl","c":{"a":0,"k":[1,0.815686334348,0.490196108351,1],"ix":4},"o":{"a":0,"k":100,"ix":5},"r":1,"nm":"Fill 1","mn":"ADBE Vector Graphic - Fill","hd":false},{"ty":"tr","p":{"a":0,"k":[-94.996,-106.996],"ix":2},"a":{"a":0,"k":[0,0],"ix":1},"s":{"a":0,"k":[100,100],"ix":3},"r":{"a":0,"k":0,"ix":6},"o":{"a":0,"k":100,"ix":7},"sk":{"a":0,"k":0,"ix":4},"sa":{"a":0,"k":0,"ix":5},"nm":"Transform"}],"nm":"Rectangle 1","np":3,"cix":2,"ix":1,"mn":"ADBE Vector Group","hd":false}],"ip":0,"op":899,"st":0,"bm":0},{"ddd":0,"ind":8,"ty":4,"nm":"spark9","parent":1,"sr":1,"ks":{"o":{"a":0,"k":100,"ix":11},"r":{"a":0,"k":45,"ix":10},"p":{"a":1,"k":[{"i":{"x":0,"y":1},"o":{"x":0,"y":0},"n":"0_1_0_0","t":186,"s":[100.514,371.46,0],"e":[191.514,139.46,0],"to":[-15.8333330154419,-97.6666641235352,0],"ti":[-81.0513000488281,47.6885261535645,0]},{"i":{"x":1,"y":1},"o":{"x":1,"y":0},"n":"1_1_1_0","t":201,"s":[191.514,139.46,0],"e":[100.514,371.46,0],"to":[0.36032229661942,-0.21200448274612,0],"ti":[-31.3533210754395,-174.00048828125,0]},{"t":214}],"ix":2},"a":{"a":0,"k":[-94.996,-106.996,0],"ix":1},"s":{"a":1,"k":[{"i":{"x":[1,1,0.5],"y":[1,1,1]},"o":{"x":[1,1,0.5],"y":[0,0,0]},"n":["1_1_1_0","1_1_1_0","0p5_1_0p5_0"],"t":197,"s":[36.377,36.377,100],"e":[0,0,100]},{"t":214}],"ix":6}},"ao":0,"shapes":[{"ty":"gr","it":[{"ty":"rc","d":1,"s":{"a":0,"k":[30.008,30.008],"ix":2},"p":{"a":0,"k":[0,0],"ix":3},"r":{"a":0,"k":0,"ix":4},"nm":"Rectangle Path 1","mn":"ADBE Vector Shape - Rect","hd":false},{"ty":"st","c":{"a":0,"k":[1,1,1,1],"ix":3},"o":{"a":0,"k":100,"ix":4},"w":{"a":0,"k":0,"ix":5},"lc":1,"lj":1,"ml":4,"ml2":{"a":0,"k":4,"ix":8},"nm":"Stroke 1","mn":"ADBE Vector Graphic - Stroke","hd":false},{"ty":"fl","c":{"a":0,"k":[0.749019607843,0.231372563979,0.325490196078,1],"ix":4},"o":{"a":0,"k":100,"ix":5},"r":1,"nm":"Fill 1","mn":"ADBE Vector Graphic - Fill","hd":false},{"ty":"tr","p":{"a":0,"k":[-94.996,-106.996],"ix":2},"a":{"a":0,"k":[0,0],"ix":1},"s":{"a":0,"k":[100,100],"ix":3},"r":{"a":0,"k":0,"ix":6},"o":{"a":0,"k":100,"ix":7},"sk":{"a":0,"k":0,"ix":4},"sa":{"a":0,"k":0,"ix":5},"nm":"Transform"}],"nm":"Rectangle 1","np":3,"cix":2,"ix":1,"mn":"ADBE Vector Group","hd":false}],"ip":0,"op":899,"st":0,"bm":0},{"ddd":0,"ind":9,"ty":4,"nm":"spark8","parent":1,"sr":1,"ks":{"o":{"a":0,"k":100,"ix":11},"r":{"a":0,"k":45,"ix":10},"p":{"a":1,"k":[{"i":{"x":0,"y":1},"o":{"x":0,"y":0},"n":"0_1_0_0","t":186,"s":[49.514,376.46,0],"e":[77.514,206.46,0],"to":[-15.3333330154419,-71.3333358764648,0],"ti":[-23.4886989593506,25.894983291626,0]},{"i":{"x":1,"y":1},"o":{"x":1,"y":0},"n":"1_1_1_0","t":201,"s":[77.514,206.46,0],"e":[49.514,376.46,0],"to":[0.02642781473696,-0.0291351955384,0],"ti":[-25.9654388427734,-107.926177978516,0]},{"t":214}],"ix":2},"a":{"a":0,"k":[-94.996,-106.996,0],"ix":1},"s":{"a":1,"k":[{"i":{"x":[1,1,0.5],"y":[1,1,1]},"o":{"x":[1,1,0.5],"y":[0,0,0]},"n":["1_1_1_0","1_1_1_0","0p5_1_0p5_0"],"t":197,"s":[81.149,81.149,100],"e":[0,0,100]},{"t":214}],"ix":6}},"ao":0,"shapes":[{"ty":"gr","it":[{"ty":"rc","d":1,"s":{"a":0,"k":[30.008,30.008],"ix":2},"p":{"a":0,"k":[0,0],"ix":3},"r":{"a":0,"k":0,"ix":4},"nm":"Rectangle Path 1","mn":"ADBE Vector Shape - Rect","hd":false},{"ty":"st","c":{"a":0,"k":[1,1,1,1],"ix":3},"o":{"a":0,"k":100,"ix":4},"w":{"a":0,"k":0,"ix":5},"lc":1,"lj":1,"ml":4,"ml2":{"a":0,"k":4,"ix":8},"nm":"Stroke 1","mn":"ADBE Vector Graphic - Stroke","hd":false},{"ty":"fl","c":{"a":0,"k":[0.749019607843,0.231372563979,0.325490196078,1],"ix":4},"o":{"a":0,"k":100,"ix":5},"r":1,"nm":"Fill 1","mn":"ADBE Vector Graphic - Fill","hd":false},{"ty":"tr","p":{"a":0,"k":[-94.996,-106.996],"ix":2},"a":{"a":0,"k":[0,0],"ix":1},"s":{"a":0,"k":[100,100],"ix":3},"r":{"a":0,"k":0,"ix":6},"o":{"a":0,"k":100,"ix":7},"sk":{"a":0,"k":0,"ix":4},"sa":{"a":0,"k":0,"ix":5},"nm":"Transform"}],"nm":"Rectangle 1","np":3,"cix":2,"ix":1,"mn":"ADBE Vector Group","hd":false}],"ip":0,"op":899,"st":0,"bm":0},{"ddd":0,"ind":10,"ty":4,"nm":"spark7","parent":1,"sr":1,"ks":{"o":{"a":0,"k":100,"ix":11},"r":{"a":0,"k":45,"ix":10},"p":{"a":1,"k":[{"i":{"x":0,"y":1},"o":{"x":0,"y":0},"n":"0_1_0_0","t":186,"s":[-11.486,386.46,0],"e":[-46.486,179.46,0],"to":[5.66666650772095,-86.6666641235352,0],"ti":[24.9577713012695,49.2292251586914,0]},{"i":{"x":1,"y":1},"o":{"x":1,"y":0},"n":"1_1_1_0","t":201,"s":[-46.486,179.46,0],"e":[-11.486,386.46,0],"to":[-0.05866902694106,-0.11572471261024,0],"ti":[15.2377452850342,-111.400802612305,0]},{"t":214}],"ix":2},"a":{"a":0,"k":[-94.996,-106.996,0],"ix":1},"s":{"a":1,"k":[{"i":{"x":[1,1,0.5],"y":[1,1,1]},"o":{"x":[1,1,0.5],"y":[0,0,0]},"n":["1_1_1_0","1_1_1_0","0p5_1_0p5_0"],"t":197,"s":[81.149,81.149,100],"e":[0,0,100]},{"t":214}],"ix":6}},"ao":0,"shapes":[{"ty":"gr","it":[{"ty":"rc","d":1,"s":{"a":0,"k":[30.008,30.008],"ix":2},"p":{"a":0,"k":[0,0],"ix":3},"r":{"a":0,"k":0,"ix":4},"nm":"Rectangle Path 1","mn":"ADBE Vector Shape - Rect","hd":false},{"ty":"st","c":{"a":0,"k":[1,1,1,1],"ix":3},"o":{"a":0,"k":100,"ix":4},"w":{"a":0,"k":0,"ix":5},"lc":1,"lj":1,"ml":4,"ml2":{"a":0,"k":4,"ix":8},"nm":"Stroke 1","mn":"ADBE Vector Graphic - Stroke","hd":false},{"ty":"fl","c":{"a":0,"k":[1,0.815686334348,0.490196108351,1],"ix":4},"o":{"a":0,"k":100,"ix":5},"r":1,"nm":"Fill 1","mn":"ADBE Vector Graphic - Fill","hd":false},{"ty":"tr","p":{"a":0,"k":[-94.996,-106.996],"ix":2},"a":{"a":0,"k":[0,0],"ix":1},"s":{"a":0,"k":[100,100],"ix":3},"r":{"a":0,"k":0,"ix":6},"o":{"a":0,"k":100,"ix":7},"sk":{"a":0,"k":0,"ix":4},"sa":{"a":0,"k":0,"ix":5},"nm":"Transform"}],"nm":"Rectangle 1","np":3,"cix":2,"ix":1,"mn":"ADBE Vector Group","hd":false}],"ip":0,"op":899,"st":0,"bm":0},{"ddd":0,"ind":11,"ty":4,"nm":"spark6","parent":1,"sr":1,"ks":{"o":{"a":0,"k":100,"ix":11},"r":{"a":0,"k":45,"ix":10},"p":{"a":1,"k":[{"i":{"x":0,"y":1},"o":{"x":0,"y":0},"n":"0_1_0_0","t":186,"s":[105.514,364.46,0],"e":[158.514,224.46,0],"to":[0.33333334326744,-54.3333320617676,0],"ti":[-35.614387512207,26.8163223266602,0]},{"i":{"x":1,"y":1},"o":{"x":1,"y":0},"n":"1_1_1_0","t":201,"s":[158.514,224.46,0],"e":[105.514,364.46,0],"to":[0.20142711699009,-0.15166719257832,0],"ti":[-2.65306091308594,-102.551078796387,0]},{"t":214}],"ix":2},"a":{"a":0,"k":[-94.996,-106.996,0],"ix":1},"s":{"a":1,"k":[{"i":{"x":[1,1,0.5],"y":[1,1,1]},"o":{"x":[1,1,0.5],"y":[0,0,0]},"n":["1_1_1_0","1_1_1_0","0p5_1_0p5_0"],"t":197,"s":[48.159,48.159,100],"e":[0,0,100]},{"t":214}],"ix":6}},"ao":0,"shapes":[{"ty":"gr","it":[{"ty":"rc","d":1,"s":{"a":0,"k":[30.008,30.008],"ix":2},"p":{"a":0,"k":[0,0],"ix":3},"r":{"a":0,"k":0,"ix":4},"nm":"Rectangle Path 1","mn":"ADBE Vector Shape - Rect","hd":false},{"ty":"st","c":{"a":0,"k":[1,1,1,1],"ix":3},"o":{"a":0,"k":100,"ix":4},"w":{"a":0,"k":0,"ix":5},"lc":1,"lj":1,"ml":4,"ml2":{"a":0,"k":4,"ix":8},"nm":"Stroke 1","mn":"ADBE Vector Graphic - Stroke","hd":false},{"ty":"fl","c":{"a":0,"k":[1,0.815686334348,0.490196108351,1],"ix":4},"o":{"a":0,"k":100,"ix":5},"r":1,"nm":"Fill 1","mn":"ADBE Vector Graphic - Fill","hd":false},{"ty":"tr","p":{"a":0,"k":[-94.996,-106.996],"ix":2},"a":{"a":0,"k":[0,0],"ix":1},"s":{"a":0,"k":[100,100],"ix":3},"r":{"a":0,"k":0,"ix":6},"o":{"a":0,"k":100,"ix":7},"sk":{"a":0,"k":0,"ix":4},"sa":{"a":0,"k":0,"ix":5},"nm":"Transform"}],"nm":"Rectangle 1","np":3,"cix":2,"ix":1,"mn":"ADBE Vector Group","hd":false}],"ip":0,"op":899,"st":0,"bm":0},{"ddd":0,"ind":12,"ty":4,"nm":"spark5","parent":1,"sr":1,"ks":{"o":{"a":0,"k":100,"ix":11},"r":{"a":0,"k":45,"ix":10},"p":{"a":1,"k":[{"i":{"x":0,"y":1},"o":{"x":0,"y":0},"n":"0_1_0_0","t":186,"s":[21.514,381.46,0],"e":[8.514,228.46,0],"to":[2.33333325386047,-48.5,0],"ti":[30.4939041137695,50.4796409606934,0]},{"i":{"x":1,"y":1},"o":{"x":1,"y":0},"n":"1_1_1_0","t":201,"s":[8.514,228.46,0],"e":[21.514,381.46,0],"to":[-0.16568151116371,-0.27426934242249,0],"ti":[22.5201988220215,-106.687683105469,0]},{"t":214}],"ix":2},"a":{"a":0,"k":[-94.996,-106.996,0],"ix":1},"s":{"a":1,"k":[{"i":{"x":[1,1,0.5],"y":[1,1,1]},"o":{"x":[1,1,0.5],"y":[0,0,0]},"n":["1_1_1_0","1_1_1_0","0p5_1_0p5_0"],"t":197,"s":[59.941,59.941,100],"e":[0,0,100]},{"t":214}],"ix":6}},"ao":0,"shapes":[{"ty":"gr","it":[{"ty":"rc","d":1,"s":{"a":0,"k":[30.008,30.008],"ix":2},"p":{"a":0,"k":[0,0],"ix":3},"r":{"a":0,"k":0,"ix":4},"nm":"Rectangle Path 1","mn":"ADBE Vector Shape - Rect","hd":false},{"ty":"st","c":{"a":0,"k":[1,1,1,1],"ix":3},"o":{"a":0,"k":100,"ix":4},"w":{"a":0,"k":0,"ix":5},"lc":1,"lj":1,"ml":4,"ml2":{"a":0,"k":4,"ix":8},"nm":"Stroke 1","mn":"ADBE Vector Graphic - Stroke","hd":false},{"ty":"fl","c":{"a":0,"k":[1,0.815686334348,0.490196108351,1],"ix":4},"o":{"a":0,"k":100,"ix":5},"r":1,"nm":"Fill 1","mn":"ADBE Vector Graphic - Fill","hd":false},{"ty":"tr","p":{"a":0,"k":[-94.996,-106.996],"ix":2},"a":{"a":0,"k":[0,0],"ix":1},"s":{"a":0,"k":[100,100],"ix":3},"r":{"a":0,"k":0,"ix":6},"o":{"a":0,"k":100,"ix":7},"sk":{"a":0,"k":0,"ix":4},"sa":{"a":0,"k":0,"ix":5},"nm":"Transform"}],"nm":"Rectangle 1","np":3,"cix":2,"ix":1,"mn":"ADBE Vector Group","hd":false}],"ip":0,"op":899,"st":0,"bm":0},{"ddd":0,"ind":13,"ty":4,"nm":"spark4","parent":1,"sr":1,"ks":{"o":{"a":0,"k":100,"ix":11},"r":{"a":0,"k":45,"ix":10},"p":{"a":1,"k":[{"i":{"x":0,"y":1},"o":{"x":0,"y":0},"n":"0_1_0_0","t":186,"s":[-21.486,408.46,0],"e":[18.514,145.46,0],"to":[-15.6666669845581,-117.166664123535,0],"ti":[-41.8612174987793,77.8937683105469,0]},{"i":{"x":1,"y":1},"o":{"x":1,"y":0},"n":"1_1_1_0","t":201,"s":[18.514,145.46,0],"e":[-21.486,408.46,0],"to":[0.24350243806839,-0.45310014486313,0],"ti":[-30.0709571838379,-150.263214111328,0]},{"t":214}],"ix":2},"a":{"a":0,"k":[-94.996,-106.996,0],"ix":1},"s":{"a":1,"k":[{"i":{"x":[1,1,0.5],"y":[1,1,1]},"o":{"x":[1,1,0.5],"y":[0,0,0]},"n":["1_1_1_0","1_1_1_0","0p5_1_0p5_0"],"t":197,"s":[48.159,48.159,100],"e":[0,0,100]},{"t":214}],"ix":6}},"ao":0,"shapes":[{"ty":"gr","it":[{"ty":"rc","d":1,"s":{"a":0,"k":[30.008,30.008],"ix":2},"p":{"a":0,"k":[0,0],"ix":3},"r":{"a":0,"k":0,"ix":4},"nm":"Rectangle Path 1","mn":"ADBE Vector Shape - Rect","hd":false},{"ty":"st","c":{"a":0,"k":[1,1,1,1],"ix":3},"o":{"a":0,"k":100,"ix":4},"w":{"a":0,"k":0,"ix":5},"lc":1,"lj":1,"ml":4,"ml2":{"a":0,"k":4,"ix":8},"nm":"Stroke 1","mn":"ADBE Vector Graphic - Stroke","hd":false},{"ty":"fl","c":{"a":0,"k":[0.749019607843,0.231372563979,0.325490196078,1],"ix":4},"o":{"a":0,"k":100,"ix":5},"r":1,"nm":"Fill 1","mn":"ADBE Vector Graphic - Fill","hd":false},{"ty":"tr","p":{"a":0,"k":[-94.996,-106.996],"ix":2},"a":{"a":0,"k":[0,0],"ix":1},"s":{"a":0,"k":[100,100],"ix":3},"r":{"a":0,"k":0,"ix":6},"o":{"a":0,"k":100,"ix":7},"sk":{"a":0,"k":0,"ix":4},"sa":{"a":0,"k":0,"ix":5},"nm":"Transform"}],"nm":"Rectangle 1","np":3,"cix":2,"ix":1,"mn":"ADBE Vector Group","hd":false}],"ip":0,"op":899,"st":0,"bm":0},{"ddd":0,"ind":14,"ty":4,"nm":"spark3","parent":1,"sr":1,"ks":{"o":{"a":0,"k":100,"ix":11},"r":{"a":0,"k":45,"ix":10},"p":{"a":1,"k":[{"i":{"x":0,"y":1},"o":{"x":0,"y":0},"n":"0_1_0_0","t":186,"s":[-40.986,362.96,0],"e":[-95.986,222.46,0],"to":[5,-70,0],"ti":[42.6039390563965,31.8565120697021,0]},{"i":{"x":1,"y":1},"o":{"x":1,"y":0},"n":"1_1_1_0","t":201,"s":[-95.986,222.46,0],"e":[-40.986,362.96,0],"to":[-0.46671664714813,-0.34898096323013,0],"ti":[10.0102043151855,-107.642860412598,0]},{"t":214}],"ix":2},"a":{"a":0,"k":[-94.996,-106.996,0],"ix":1},"s":{"a":1,"k":[{"i":{"x":[1,1,0.5],"y":[1,1,1]},"o":{"x":[1,1,0.5],"y":[0,0,0]},"n":["1_1_1_0","1_1_1_0","0p5_1_0p5_0"],"t":197,"s":[48.159,48.159,100],"e":[0,0,100]},{"t":214}],"ix":6}},"ao":0,"shapes":[{"ty":"gr","it":[{"ty":"rc","d":1,"s":{"a":0,"k":[30.008,30.008],"ix":2},"p":{"a":0,"k":[0,0],"ix":3},"r":{"a":0,"k":0,"ix":4},"nm":"Rectangle Path 1","mn":"ADBE Vector Shape - Rect","hd":false},{"ty":"st","c":{"a":0,"k":[1,1,1,1],"ix":3},"o":{"a":0,"k":100,"ix":4},"w":{"a":0,"k":0,"ix":5},"lc":1,"lj":1,"ml":4,"ml2":{"a":0,"k":4,"ix":8},"nm":"Stroke 1","mn":"ADBE Vector Graphic - Stroke","hd":false},{"ty":"fl","c":{"a":0,"k":[0.749019607843,0.231372563979,0.325490196078,1],"ix":4},"o":{"a":0,"k":100,"ix":5},"r":1,"nm":"Fill 1","mn":"ADBE Vector Graphic - Fill","hd":false},{"ty":"tr","p":{"a":0,"k":[-94.996,-106.996],"ix":2},"a":{"a":0,"k":[0,0],"ix":1},"s":{"a":0,"k":[100,100],"ix":3},"r":{"a":0,"k":0,"ix":6},"o":{"a":0,"k":100,"ix":7},"sk":{"a":0,"k":0,"ix":4},"sa":{"a":0,"k":0,"ix":5},"nm":"Transform"}],"nm":"Rectangle 1","np":3,"cix":2,"ix":1,"mn":"ADBE Vector Group","hd":false}],"ip":0,"op":899,"st":0,"bm":0},{"ddd":0,"ind":15,"ty":4,"nm":"spark2","parent":1,"sr":1,"ks":{"o":{"a":0,"k":100,"ix":11},"r":{"a":0,"k":45,"ix":10},"p":{"a":1,"k":[{"i":{"x":0,"y":1},"o":{"x":0,"y":0},"n":"0_1_0_0","t":186,"s":[58.014,372.96,0],"e":[124.014,141.46,0],"to":[-12.8333330154419,-35.1666679382324,0],"ti":[-43.7986907958984,70.0169372558594,0]},{"i":{"x":1,"y":1},"o":{"x":1,"y":0},"n":"1_1_1_0","t":201,"s":[124.014,141.46,0],"e":[58.014,372.96,0],"to":[0.37189388275146,-0.59451252222061,0],"ti":[-16.4951591491699,-88.9542694091797,0]},{"t":214}],"ix":2},"a":{"a":0,"k":[-94.996,-106.996,0],"ix":1},"s":{"a":1,"k":[{"i":{"x":[1,1,0.5],"y":[1,1,1]},"o":{"x":[1,1,0.5],"y":[0,0,0]},"n":["1_1_1_0","1_1_1_0","0p5_1_0p5_0"],"t":197,"s":[100,100,100],"e":[0,0,100]},{"t":214}],"ix":6}},"ao":0,"shapes":[{"ty":"gr","it":[{"ty":"rc","d":1,"s":{"a":0,"k":[30.008,30.008],"ix":2},"p":{"a":0,"k":[0,0],"ix":3},"r":{"a":0,"k":0,"ix":4},"nm":"Rectangle Path 1","mn":"ADBE Vector Shape - Rect","hd":false},{"ty":"st","c":{"a":0,"k":[1,1,1,1],"ix":3},"o":{"a":0,"k":100,"ix":4},"w":{"a":0,"k":0,"ix":5},"lc":1,"lj":1,"ml":4,"ml2":{"a":0,"k":4,"ix":8},"nm":"Stroke 1","mn":"ADBE Vector Graphic - Stroke","hd":false},{"ty":"fl","c":{"a":0,"k":[1,0.815686334348,0.490196108351,1],"ix":4},"o":{"a":0,"k":100,"ix":5},"r":1,"nm":"Fill 1","mn":"ADBE Vector Graphic - Fill","hd":false},{"ty":"tr","p":{"a":0,"k":[-94.996,-106.996],"ix":2},"a":{"a":0,"k":[0,0],"ix":1},"s":{"a":0,"k":[100,100],"ix":3},"r":{"a":0,"k":0,"ix":6},"o":{"a":0,"k":100,"ix":7},"sk":{"a":0,"k":0,"ix":4},"sa":{"a":0,"k":0,"ix":5},"nm":"Transform"}],"nm":"Rectangle 1","np":3,"cix":2,"ix":1,"mn":"ADBE Vector Group","hd":false}],"ip":0,"op":899,"st":0,"bm":0},{"ddd":0,"ind":16,"ty":4,"nm":"spark1","parent":1,"sr":1,"ks":{"o":{"a":0,"k":100,"ix":11},"r":{"a":0,"k":45,"ix":10},"p":{"a":1,"k":[{"i":{"x":0,"y":1},"o":{"x":0,"y":0},"n":"0_1_0_0","t":186,"s":[-75.986,386.46,0],"e":[-163.986,149.46,0],"to":[11.1666669845581,-138.83332824707,0],"ti":[43.4212303161621,36.1582984924316,0]},{"i":{"x":1,"y":1},"o":{"x":1,"y":0},"n":"1_1_1_0","t":201,"s":[-163.986,149.46,0],"e":[-75.986,386.46,0],"to":[-0.44834205508232,-0.37334927916527,0],"ti":[16.5796318054199,-166.907958984375,0]},{"t":214}],"ix":2},"a":{"a":0,"k":[-94.996,-106.996,0],"ix":1},"s":{"a":1,"k":[{"i":{"x":[1,1,0.5],"y":[1,1,1]},"o":{"x":[1,1,0.5],"y":[0,0,0]},"n":["1_1_1_0","1_1_1_0","0p5_1_0p5_0"],"t":197,"s":[100,100,100],"e":[0,0,100]},{"t":214}],"ix":6}},"ao":0,"shapes":[{"ty":"gr","it":[{"ty":"rc","d":1,"s":{"a":0,"k":[30.008,30.008],"ix":2},"p":{"a":0,"k":[0,0],"ix":3},"r":{"a":0,"k":0,"ix":4},"nm":"Rectangle Path 1","mn":"ADBE Vector Shape - Rect","hd":false},{"ty":"st","c":{"a":0,"k":[1,1,1,1],"ix":3},"o":{"a":0,"k":100,"ix":4},"w":{"a":0,"k":0,"ix":5},"lc":1,"lj":1,"ml":4,"ml2":{"a":0,"k":4,"ix":8},"nm":"Stroke 1","mn":"ADBE Vector Graphic - Stroke","hd":false},{"ty":"fl","c":{"a":0,"k":[0.749019607843,0.231372563979,0.325490196078,1],"ix":4},"o":{"a":0,"k":100,"ix":5},"r":1,"nm":"Fill 1","mn":"ADBE Vector Graphic - Fill","hd":false},{"ty":"tr","p":{"a":0,"k":[-94.996,-106.996],"ix":2},"a":{"a":0,"k":[0,0],"ix":1},"s":{"a":0,"k":[100,100],"ix":3},"r":{"a":0,"k":0,"ix":6},"o":{"a":0,"k":100,"ix":7},"sk":{"a":0,"k":0,"ix":4},"sa":{"a":0,"k":0,"ix":5},"nm":"Transform"}],"nm":"Rectangle 1","np":3,"cix":2,"ix":1,"mn":"ADBE Vector Group","hd":false}],"ip":0,"op":899,"st":0,"bm":0}],"markers":[]}